-- --------------------------------------------------------
-- Servidor:                     localhost
-- Versão do servidor:           5.6.17 - MySQL Community Server (GPL)
-- OS do Servidor:               Win32
-- HeidiSQL Versão:              9.3.0.4984
-- --------------------------------------------------------

/*!40101 SET @OLD_CHARACTER_SET_CLIENT=@@CHARACTER_SET_CLIENT */;
/*!40101 SET NAMES utf8mb4 */;
/*!40014 SET @OLD_FOREIGN_KEY_CHECKS=@@FOREIGN_KEY_CHECKS, FOREIGN_KEY_CHECKS=0 */;
/*!40101 SET @OLD_SQL_MODE=@@SQL_MODE, SQL_MODE='NO_AUTO_VALUE_ON_ZERO' */;

-- Copiando estrutura para tabela bd2a2.cargo
CREATE TABLE IF NOT EXISTS `cargo` (
  `id` int(10) unsigned NOT NULL AUTO_INCREMENT,
  `limite_id` int(10) unsigned NOT NULL,
  `nome` varchar(255) DEFAULT NULL,
  PRIMARY KEY (`id`),
  KEY `salariolimite_id` (`limite_id`),
  CONSTRAINT `cargo_ibfk_1` FOREIGN KEY (`limite_id`) REFERENCES `limite` (`id`) ON DELETE NO ACTION ON UPDATE NO ACTION
) ENGINE=InnoDB AUTO_INCREMENT=20 DEFAULT CHARSET=latin1;

-- Copiando dados para a tabela bd2a2.cargo: ~17 rows (aproximadamente)
/*!40000 ALTER TABLE `cargo` DISABLE KEYS */;
INSERT INTO `cargo` (`id`, `limite_id`, `nome`) VALUES
	(1, 5, 'Diretor(a)'),
	(2, 4, 'Analista de Sistemas'),
	(3, 4, 'Programador(a) Pleno'),
	(4, 3, 'Programador(a) Júnior'),
	(5, 3, 'Contabilista'),
	(6, 1, 'Administrativo'),
	(7, 1, 'Serviços Gerais'),
	(8, 3, 'Recursos Humanos'),
	(9, 2, 'Analista de Comunicação'),
	(10, 2, 'Relações Públicas'),
	(11, 4, 'Gerente'),
	(12, 1, 'Estagiário(a)'),
	(13, 2, 'Suporte Técnico'),
	(14, 2, 'Secretário(a)'),
	(15, 3, 'Controle de Qualidade'),
	(16, 1, 'Auxiliar de Produção'),
	(17, 2, 'Analista de Produção'),
	(18, 5, 'Super Herói');
/*!40000 ALTER TABLE `cargo` ENABLE KEYS */;


-- Copiando estrutura para tabela bd2a2.funcionario
CREATE TABLE IF NOT EXISTS `funcionario` (
  `id` int(10) unsigned NOT NULL AUTO_INCREMENT,
  `cargo_id` int(10) unsigned DEFAULT NULL,
  `nome` varchar(255) DEFAULT NULL,
  `dtanasc` date DEFAULT NULL,
  `email` varchar(255) DEFAULT NULL,
  `fone` varchar(15) DEFAULT NULL,
  `salario` float(17,2) DEFAULT NULL,
  PRIMARY KEY (`id`),
  KEY `setor_id` (`cargo_id`),
  CONSTRAINT `funcionario_ibfk_1` FOREIGN KEY (`cargo_id`) REFERENCES `cargo` (`id`) ON DELETE NO ACTION ON UPDATE NO ACTION
) ENGINE=InnoDB AUTO_INCREMENT=201 DEFAULT CHARSET=latin1;

-- Copiando dados para a tabela bd2a2.funcionario: ~200 rows (aproximadamente)
/*!40000 ALTER TABLE `funcionario` DISABLE KEYS */;
INSERT INTO `funcionario` (`id`, `cargo_id`, `nome`, `dtanasc`, `email`, `fone`, `salario`) VALUES
	(1, 7, 'Leonard Smith', '1971-09-14', 'in@Ut.co.uk', '(51) 9194-0216', 1608.00),
	(2, 1, 'Jermaine Hale', '1985-05-01', 'non@nislarcuiaculis.com', '(51) 9733-6158', 14276.00),
	(3, 4, 'Allegra David', '1978-09-20', 'iaculis@loremluctusut.co.uk', '(51) 9228-8641', 3512.00),
	(4, 6, 'Colton Miller', '1973-02-04', 'eleifend.non.dapibus@afeugiattellus.ca', '(51) 9624-5305', 1003.00),
	(5, 5, 'Armand Mcfadden', '1978-08-02', 'nibh.Donec@elit.org', '(51) 9531-1665', 4078.00),
	(6, 11, 'Rhea Sims', '1975-08-22', 'lobortis.augue.scelerisque@Nam.co.uk', '(51) 9667-6257', 8243.00),
	(7, 4, 'Emmanuel Cleveland', '1990-03-07', 'aliquam@lobortis.co.uk', '(51) 9883-9932', 3374.00),
	(8, 13, 'Reagan Terry', '1973-09-30', 'Vivamus.nisi@semper.co.uk', '(51) 9996-6223', 2703.00),
	(9, 10, 'Jerry Morrison', '1983-02-15', 'pede.et.risus@feliseget.edu', '(51) 9295-6143', 2944.00),
	(10, 2, 'Maxwell Richmond', '1962-02-24', 'sed.sapien@sociis.org', '(51) 9279-7756', 7031.00),
	(11, 9, 'Christine Harper', '1963-01-06', 'nonummy.ultricies.ornare@vitaealiquameros.com', '(51) 9609-7661', 1715.00),
	(12, 10, 'Adrian Mclaughlin', '1982-09-04', 'est.Nunc@sociisnatoquepenatibus.co.uk', '(51) 9907-4742', 2248.00),
	(13, NULL, 'Camden Johnston', '1990-06-13', 'Ut.nec@imperdiet.com', '(51) 9769-3072', 3404.00),
	(14, 16, 'Noel Avery', '1985-07-26', 'cursus.luctus.ipsum@nibh.co.uk', '(51) 9779-1115', 878.00),
	(15, 4, 'Sylvester Shepard', '1964-04-06', 'Nunc.quis@fermentumvel.co.uk', '(51) 9384-6503', 4572.00),
	(16, 12, 'Joan Ferrell', '1970-01-31', 'vulputate@leoCras.co.uk', '(51) 9386-8710', 1939.00),
	(17, 16, 'Kato Maynard', '1969-08-11', 'metus.facilisis@montes.ca', '(51) 9992-7221', 1113.00),
	(18, 8, 'Lance Mercado', '1960-10-10', 'faucibus.orci.luctus@posuereenimnisl.com', '(51) 9293-5385', 3642.00),
	(19, 15, 'Destiny Parker', '1978-03-25', 'ut@pedenec.co.uk', '(51) 9335-2191', 3751.00),
	(20, 13, 'Dorothy Harper', '1964-02-29', 'risus@mauris.net', '(51) 9905-5927', 1697.00),
	(21, 12, 'Sawyer Warner', '1986-08-30', 'libero.est@pellentesque.org', '(51) 9055-0569', 989.00),
	(22, 13, 'Irene Castro', '1973-04-19', 'eu@Inmi.edu', '(51) 9378-1570', 2090.00),
	(23, 8, 'Gage Maxwell', '1985-03-15', 'fermentum.fermentum.arcu@pellentesquea.edu', '(51) 9898-4569', 3738.00),
	(24, 13, 'Kirk Ross', '1985-08-13', 'Nam.ac.nulla@quismassaMauris.org', '(51) 9207-4675', 1943.00),
	(25, 10, 'Freya Jenkins', '1985-09-08', 'Suspendisse@Incondimentum.net', '(51) 9441-9318', 2989.00),
	(26, 13, 'Dahlia Wilder', '1987-08-28', 'et@pharetraNamac.com', '(51) 9591-6648', 1616.00),
	(27, 2, 'Noah Baird', '1970-02-21', 'Cras@Craseu.net', '(51) 9508-5490', 7039.00),
	(28, 7, 'Grace Savage', '1987-03-01', 'cursus.vestibulum.Mauris@montes.net', '(51) 9592-5799', 1768.00),
	(29, 6, 'Dustin Sherman', '1961-08-07', 'nibh@diam.org', '(51) 9325-0470', 1773.00),
	(30, 5, 'Vernon Delaney', '1965-07-12', 'pretium.neque@Utsemper.com', '(51) 9665-0000', 4091.00),
	(31, 11, 'Latifah Ford', '1983-11-15', 'tellus.faucibus@anunc.net', '(51) 9700-1169', 8743.00),
	(32, 8, 'Rama Warren', '1973-01-03', 'gravida.molestie@turpisvitaepurus.co.uk', '(51) 9367-8592', 4583.00),
	(33, 2, 'Vincent Estes', '1987-05-10', 'nisl@urna.net', '(51) 9143-3551', 9607.00),
	(34, 9, 'Odysseus Stanton', '1983-04-12', 'ultrices@dignissimpharetra.ca', '(51) 9551-8979', 1660.00),
	(35, 11, 'Regina Kinney', '1976-06-24', 'lorem.eu@turpisNulla.ca', '(51) 9770-4019', 8849.00),
	(36, 10, 'Piper Nguyen', '1989-07-26', 'ipsum.Donec@eleifendCrassed.com', '(51) 9767-8584', 2293.00),
	(37, 5, 'Lunea Payne', '1969-01-25', 'egestas.Duis.ac@montesnascetur.org', '(51) 9794-6217', 3337.00),
	(38, 15, 'Quinn Barker', '1964-09-06', 'arcu@et.co.uk', '(51) 9308-1976', 2720.00),
	(39, 1, 'Chaim Kerr', '1970-12-06', 'Donec@dictum.co.uk', '(51) 9585-0673', 16549.00),
	(40, 13, 'Pearl Mcgee', '1979-11-24', 'dignissim.tempor@commodo.org', '(51) 9203-3766', 2877.00),
	(41, 14, 'Brooke Odom', '1967-11-26', 'aliquet.lobortis@loremluctus.edu', '(51) 9748-4193', 1921.00),
	(42, 5, 'Sonia Coleman', '1983-11-05', 'et.eros@Cum.edu', '(51) 9577-6616', 4128.00),
	(43, 14, 'Geoffrey Shelton', '1977-07-19', 'orci.consectetuer@eueros.net', '(51) 9656-3246', 2118.00),
	(44, 15, 'Emmanuel Peterson', '1962-10-19', 'vehicula.aliquet.libero@egetodio.edu', '(51) 9534-8219', 2772.00),
	(45, 16, 'Illiana Quinn', '1981-10-09', 'Aliquam.fringilla@egestasAliquamnec.ca', '(51) 9258-7408', 1169.00),
	(46, 2, 'Ferris Levine', '1968-02-27', 'nunc@Nullamscelerisqueneque.com', '(51) 9358-3082', 6067.00),
	(47, NULL, 'Magee Myers', '1990-02-18', 'ante.lectus.convallis@mollisvitae.co.uk', '(51) 9288-0881', 2277.00),
	(48, 5, 'Vivian Horn', '1971-07-28', 'blandit.at@elitpharetra.net', '(51) 9466-1241', 2856.00),
	(49, 15, 'Kenneth Henry', '1983-08-14', 'ac.mattis@mus.edu', '(51) 9796-1859', 2681.00),
	(50, 7, 'Maia Melton', '1964-10-05', 'diam.Sed@primisin.co.uk', '(51) 9215-8773', 1922.00),
	(51, 5, 'Zephania Horne', '1972-06-23', 'montes.nascetur.ridiculus@nonenimMauris.com', '(51) 9030-2795', 3648.00),
	(52, 11, 'Breanna Vargas', '1983-12-21', 'enim.Mauris@et.ca', '(51) 9459-5738', 7452.00),
	(53, 10, 'Hammett Duffy', '1973-12-13', 'Pellentesque.habitant@nasceturridiculusmus.edu', '(51) 9438-3782', 1611.00),
	(54, 6, 'Nola Mays', '1963-06-27', 'ante.Maecenas@justoProin.net', '(51) 9230-0614', 1881.00),
	(55, NULL, 'Ginger Hurley', '1990-02-09', 'commodo@in.ca', '(51) 9909-6696', 1731.00),
	(56, 12, 'Cairo Dotson', '1980-08-12', 'elit.fermentum.risus@anteipsumprimis.ca', '(51) 9302-7605', 1138.00),
	(57, 6, 'Gray Grimes', '1988-05-04', 'egestas@sitamet.com', '(51) 9349-8972', 1649.00),
	(58, 13, 'Carissa Burnett', '1986-11-16', 'urna@Nulladignissim.edu', '(51) 9453-8864', 2539.00),
	(59, 10, 'Denton Berry', '1979-05-28', 'Nunc.quis@cursuset.co.uk', '(51) 9305-3849', 2012.00),
	(60, 1, 'Jeremy Stephens', '1964-09-04', 'ullamcorper@consequat.net', '(51) 9865-4653', 19436.00),
	(61, 10, 'Lacota Richardson', '1978-11-29', 'facilisis.vitae@blanditviverraDonec.net', '(51) 9072-7844', 1680.00),
	(62, 10, 'Paki Hendrix', '1967-12-02', 'luctus@tellus.edu', '(51) 9397-6976', 2572.00),
	(63, 1, 'Hedley Rivera', '1960-12-01', 'Ut.nec@apurus.co.uk', '(51) 9174-0353', 33206.00),
	(64, 3, 'Perry Christensen', '1983-08-03', 'penatibus@Suspendissealiquet.net', '(51) 9657-3208', 9618.00),
	(65, 3, 'Ori Hays', '1968-02-18', 'vitae.velit.egestas@Vestibulumante.com', '(51) 9363-9925', 9888.00),
	(66, 4, 'Chloe Roach', '1985-11-22', 'ac.risus.Morbi@dolorQuisquetincidunt.com', '(51) 9322-0822', 2791.00),
	(67, 1, 'Zane Alvarez', '1973-07-06', 'elit@sagittisaugueeu.co.uk', '(51) 9675-1089', 19758.00),
	(68, 6, 'Eagan Short', '1973-07-26', 'ut.cursus@at.ca', '(51) 9492-1732', 1883.00),
	(69, 3, 'Phoebe Rose', '1983-06-11', 'ante@acsem.org', '(51) 9030-5187', 7813.00),
	(70, 15, 'Ian Levy', '1963-11-19', 'auctor.vitae.aliquet@sollicitudinorcisem.org', '(51) 9290-4536', 2763.00),
	(71, NULL, 'Hollee Mitchell', '1990-03-05', 'imperdiet.ornare@eleifendnon.co.uk', '(51) 9166-7142', 1410.00),
	(72, 15, 'Chancellor Little', '1982-01-03', 'elementum.purus.accumsan@gravidaPraesent.com', '(51) 9986-8035', 4594.00),
	(73, 5, 'Clark Riddle', '1961-06-06', 'posuere@nostra.ca', '(51) 9788-8983', 4681.00),
	(74, 17, 'Arthur Alvarado', '1961-08-04', 'vitae.posuere.at@ullamcorperviverraMaecenas.edu', '(51) 9744-6575', 2774.00),
	(75, 16, 'Norman Singleton', '1987-11-20', 'lacinia.mattis.Integer@penatibuset.com', '(51) 9454-3854', 1558.00),
	(76, 10, 'Shelley Wynn', '1967-07-03', 'id.ante.dictum@nascetur.net', '(51) 9815-8396', 2414.00),
	(77, 16, 'Evelyn Warren', '1983-05-24', 'placerat.eget@ametultricies.com', '(51) 9466-0651', 982.00),
	(78, 8, 'Eugenia Gallagher', '1966-04-23', 'commodo@vestibulumneceuismod.edu', '(51) 9558-3372', 4832.00),
	(79, 8, 'Mason Santos', '1990-02-06', 'Integer@lacuspede.co.uk', '(51) 9430-2606', 3018.00),
	(80, 15, 'Michelle Neal', '1962-01-11', 'magna@Aenean.ca', '(51) 9389-9355', 3094.00),
	(81, 13, 'Molly Newman', '1964-11-13', 'elementum@sociisnatoquepenatibus.com', '(51) 9447-0695', 2351.00),
	(82, 5, 'Hakeem Bradford', '1978-07-31', 'ut.lacus.Nulla@orci.org', '(51) 9301-2364', 2808.00),
	(83, 13, 'Colton Newton', '1962-02-11', 'sit.amet@magnaetipsum.com', '(51) 9775-3917', 2872.00),
	(84, 14, 'Freya Beasley', '1969-01-13', 'mattis.semper.dui@est.co.uk', '(51) 9474-3147', 1807.00),
	(85, 9, 'Kevyn Buck', '1961-06-06', 'neque@nisiAenean.edu', '(51) 9011-6307', 1921.00),
	(86, 12, 'Kerry Ferguson', '1982-09-13', 'nunc.ac.mattis@et.co.uk', '(51) 9921-0307', 1746.00),
	(87, 3, 'Hilel Park', '1968-01-18', 'cursus.et@Proinvel.net', '(51) 9330-9694', 5500.00),
	(88, 13, 'Moana Buchanan', '1962-05-16', 'vel.vulputate.eu@liberoMorbi.edu', '(51) 9695-4186', 1702.00),
	(89, 9, 'Baker Hodges', '1972-08-27', 'erat.semper@ligulatortordictum.net', '(51) 9948-4825', 2062.00),
	(90, 17, 'Tanner Guerra', '1966-05-30', 'mollis.lectus.pede@rutrumurna.org', '(51) 9509-6233', 2203.00),
	(91, 7, 'Shelley Valentine', '1968-11-19', 'sociis.natoque.penatibus@eget.co.uk', '(51) 9791-7260', 1063.00),
	(92, 7, 'Stone Mccall', '1983-12-16', 'augue@in.org', '(51) 9683-5110', 1630.00),
	(93, 5, 'Neville Barlow', '1966-02-11', 'sagittis.lobortis@enimMauris.co.uk', '(51) 9695-5808', 4500.00),
	(94, 5, 'Amaya Clemons', '1980-08-05', 'dui@tinciduntnequevitae.edu', '(51) 9793-6248', 4813.00),
	(95, 12, 'Dale Santiago', '1978-01-14', 'congue.elit.sed@lectus.edu', '(51) 9427-8413', 1071.00),
	(96, 17, 'Ferris Schultz', '1971-04-22', 'ligula.tortor.dictum@Pellentesqueutipsum.co.uk', '(51) 9323-8266', 2034.00),
	(97, 8, 'Jasmine Schmidt', '1979-11-16', 'dolor.Fusce@accumsanneque.org', '(51) 9140-9616', 2758.00),
	(98, 9, 'Robin Gentry', '1983-04-18', 'Cras@sedpede.com', '(51) 9445-8264', 2169.00),
	(99, 1, 'Dylan Jacobs', '1967-03-01', 'metus@Cras.ca', '(51) 9870-6906', 23848.00),
	(100, 11, 'Gregory Adkins', '1968-04-13', 'tristique@ut.co.uk', '(51) 9631-9261', 6381.00),
	(101, 8, 'Flynn Tyler', '1981-11-13', 'arcu.Vestibulum.ante@eleifend.ca', '(51) 9585-7644', 4030.00),
	(102, 14, 'Paloma Lucas', '1960-12-23', 'luctus.lobortis@gravidanuncsed.com', '(51) 9203-5434', 1847.00),
	(103, 17, 'Autumn Levine', '1972-06-20', 'Sed.neque@sedturpis.com', '(51) 9889-6722', 1981.00),
	(104, 9, 'Hilary Faulkner', '1978-10-21', 'Fusce.aliquet@malesuadafamesac.ca', '(51) 9792-4681', 2865.00),
	(105, 3, 'Aretha Perkins', '1963-07-14', 'Sed.id.risus@Maecenasornareegestas.edu', '(51) 9838-1754', 7951.00),
	(106, 14, 'Brandon Acevedo', '1980-06-07', 'mi@nonarcu.com', '(51) 9522-7028', 1829.00),
	(107, 6, 'Herman Gonzales', '1966-04-20', 'nunc.id.enim@condimentum.ca', '(51) 9678-3408', 1191.00),
	(108, 17, 'Uriah Dale', '1972-05-06', 'elit.erat@accumsansed.edu', '(51) 9269-9164', 2958.00),
	(109, 10, 'Brock Holcomb', '1975-08-11', 'diam.vel@tinciduntnequevitae.net', '(51) 9324-6998', 2825.00),
	(110, 17, 'Jamalia Ferguson', '1986-01-22', 'aliquam.iaculis@consectetuerrhoncus.co.uk', '(51) 9245-4339', 2250.00),
	(111, 8, 'Beau Lindsay', '1982-04-05', 'at.iaculis.quis@AliquamnislNulla.net', '(51) 9243-3887', 4631.00),
	(112, 14, 'Iola Mclean', '1988-07-03', 'semper.pretium@luctuslobortis.co.uk', '(51) 9457-2410', 2640.00),
	(113, 7, 'Priscilla Chan', '1971-09-11', 'id.magna@vitaealiquam.ca', '(51) 9501-6701', 1093.00),
	(114, 8, 'Mia Harris', '1971-04-05', 'dui.nec.tempus@arcuVestibulum.edu', '(51) 9753-7861', 4853.00),
	(115, 12, 'Melyssa Underwood', '1965-09-27', 'Ut.tincidunt@dolor.net', '(51) 9407-8108', 1967.00),
	(116, 13, 'Amaya Barlow', '1982-04-14', 'lorem.sit.amet@interdum.edu', '(51) 9255-5634', 1562.00),
	(117, 3, 'Blythe Hubbard', '1975-02-19', 'Sed@nonlobortis.net', '(51) 9774-5750', 6442.00),
	(118, 15, 'Rhona Willis', '1963-08-05', 'velit.Sed.malesuada@rhoncus.org', '(51) 9264-7999', 3294.00),
	(119, 16, 'Oliver Bauer', '1976-01-09', 'imperdiet.nec@noncursusnon.co.uk', '(51) 9142-6897', 1667.00),
	(120, 9, 'Bo Ramos', '1981-03-20', 'Aenean.massa@diam.co.uk', '(51) 9155-3909', 2493.00),
	(121, 8, 'Camilla Conner', '1966-10-07', 'non.magna@justositamet.org', '(51) 9942-2739', 2856.00),
	(122, 5, 'Hedda Velasquez', '1967-09-30', 'consectetuer.euismod@orciconsectetuer.org', '(51) 9736-0247', 4314.00),
	(123, 3, 'Ralph Hicks', '1962-08-02', 'eu.tellus@nonegestasa.ca', '(51) 9274-1792', 6010.00),
	(124, 3, 'Athena Mccall', '1987-05-29', 'dis.parturient@Duismienim.com', '(51) 9618-4047', 9162.00),
	(125, 1, 'Cameron Jones', '1973-03-10', 'nisl.arcu.iaculis@Naminterdumenim.org', '(51) 9058-1892', 18342.00),
	(126, 5, 'Camden West', '1985-03-04', 'iaculis.aliquet@luctusutpellentesque.com', '(51) 9424-4179', 3208.00),
	(127, 10, 'Roary Dickerson', '1961-03-27', 'purus.ac.tellus@parturient.ca', '(51) 9371-5020', 2622.00),
	(128, 9, 'Josiah Conner', '1966-01-24', 'sem.eget.massa@etmalesuadafames.org', '(51) 9259-1920', 2837.00),
	(129, 4, 'Jemima Austin', '1985-07-20', 'sociosqu@mattissemper.co.uk', '(51) 9082-6392', 3035.00),
	(130, 8, 'Nevada Potts', '1982-09-07', 'condimentum.Donec.at@vestibulum.net', '(51) 9391-9751', 3486.00),
	(131, 8, 'Keith Pate', '1964-08-15', 'sodales@nec.ca', '(51) 9953-3659', 3326.00),
	(132, 7, 'Macaulay Hayden', '1966-06-10', 'risus.In.mi@dictum.net', '(51) 9072-2485', 1363.00),
	(133, 8, 'Kylynn Moore', '1974-12-07', 'ac.mattis.semper@natoquepenatibuset.ca', '(51) 9341-6327', 3391.00),
	(134, 14, 'Lee Butler', '1962-05-27', 'dolor.Fusce.feugiat@sitamet.edu', '(51) 9501-8946', 2059.00),
	(135, 5, 'Iola Gould', '1966-11-30', 'Etiam@velturpis.edu', '(51) 9782-1529', 4490.00),
	(136, 2, 'Orli Le', '1965-07-06', 'augue@convallisante.org', '(51) 9959-4761', 9306.00),
	(137, 11, 'Regina Hopkins', '1985-06-06', 'et.ultrices@ligulaNullam.com', '(51) 9261-0070', 9592.00),
	(138, 15, 'Colleen Richard', '1965-09-11', 'quis.urna@dignissimMaecenasornare.edu', '(51) 9262-9970', 2522.00),
	(139, 13, 'Orli Williamson', '1983-12-13', 'a.sollicitudin.orci@Donec.net', '(51) 9971-2189', 1932.00),
	(140, 11, 'Lucas Jimenez', '1975-02-25', 'Sed.et.libero@risus.co.uk', '(51) 9558-7620', 7073.00),
	(141, 9, 'Inga Mckay', '1979-11-07', 'Praesent.interdum@cursuspurus.co.uk', '(51) 9598-6670', 1813.00),
	(142, 14, 'Lani Mercado', '1980-05-02', 'Cras@Duisac.net', '(51) 9188-3818', 2700.00),
	(143, 5, 'Dorian Preston', '1984-12-14', 'scelerisque@neque.com', '(51) 9475-2411', 3434.00),
	(144, 2, 'Katelyn Weaver', '1970-11-07', 'felis@aliquam.net', '(51) 9692-9455', 7347.00),
	(145, 7, 'Constance Pacheco', '1986-07-22', 'nascetur@hendrerit.edu', '(51) 9309-0137', 1071.00),
	(146, 14, 'Wallace Miles', '1973-09-02', 'Morbi.accumsan.laoreet@Ut.org', '(51) 9295-0746', 2580.00),
	(147, 7, 'Rhea Spencer', '1965-03-01', 'at.fringilla@euduiCum.com', '(51) 9758-7816', 1910.00),
	(148, 2, 'Aubrey Sweeney', '1981-10-22', 'sed.sapien@cursusaenim.ca', '(51) 9312-0807', 7327.00),
	(149, 6, 'Flavia Stevenson', '1978-07-18', 'urna.Nunc@sit.co.uk', '(51) 9576-8857', 1461.00),
	(150, 1, 'Acton Holman', '1987-08-09', 'mi.ac.mattis@aliquetsem.ca', '(51) 9514-7901', 15377.00),
	(151, 14, 'Julian Yates', '1983-01-05', 'consectetuer@et.ca', '(51) 9641-1436', 1709.00),
	(152, 16, 'MacKenzie Calderon', '1965-12-09', 'dignissim.pharetra.Nam@augueid.co.uk', '(51) 9413-8435', 1546.00),
	(153, 13, 'Jacob Hampton', '1979-04-04', 'nec.euismod@IntegermollisInteger.ca', '(51) 9101-3660', 2535.00),
	(154, 1, 'Melodie Beasley', '1964-10-22', 'In.tincidunt@Suspendisseseddolor.edu', '(51) 9973-8260', 18782.00),
	(155, 1, 'Ariel Coleman', '1978-01-18', 'natoque@Curabiturvel.edu', '(51) 9730-7385', 22857.00),
	(156, 4, 'Sandra Stein', '1976-09-06', 'quam@ultrices.edu', '(51) 9668-4714', 3823.00),
	(157, 3, 'Kerry Allen', '1964-04-09', 'a.sollicitudin.orci@Nulla.co.uk', '(51) 9575-7359', 5374.00),
	(158, 12, 'Rebekah Estrada', '1972-12-04', 'diam@id.ca', '(51) 9737-5149', 1744.00),
	(159, 7, 'Kermit Lara', '1980-01-20', 'nibh.Donec.est@semmolestiesodales.com', '(51) 9599-2202', 1651.00),
	(160, 11, 'Yolanda Tanner', '1979-12-08', 'dolor.dolor.tempus@Phasellus.edu', '(51) 9266-5315', 5929.00),
	(161, 14, 'Macaulay Carter', '1967-06-28', 'pretium@laciniaorciconsectetuer.ca', '(51) 9972-7997', 2702.00),
	(162, 3, 'Cathleen Burke', '1971-12-21', 'elit@velesttempor.co.uk', '(51) 9597-0699', 7257.00),
	(163, 15, 'Nina Ferguson', '1986-10-10', 'felis.eget@aliquet.co.uk', '(51) 9348-1141', 4629.00),
	(164, 8, 'Maya Salazar', '1970-08-22', 'libero.dui.nec@nasceturridiculus.co.uk', '(51) 9623-4663', 4761.00),
	(165, 15, 'Timothy Walsh', '1980-12-13', 'lectus.ante.dictum@loremsit.co.uk', '(51) 9462-0006', 4919.00),
	(166, 8, 'Kasper Pittman', '1961-12-15', 'nostra.per@risusDonecnibh.com', '(51) 9112-5023', 2811.00),
	(167, 16, 'Randall Cortez', '1966-05-25', 'Morbi.accumsan@nuncQuisque.com', '(51) 9201-4786', 1664.00),
	(168, 15, 'Quentin Hinton', '1987-06-11', 'hendrerit.neque@magna.co.uk', '(51) 9632-0883', 3071.00),
	(169, 8, 'Scott Barrett', '1973-12-02', 'neque.Morbi.quis@seddolor.ca', '(51) 9738-8886', 4955.00),
	(170, 7, 'Jena Hodge', '1984-05-21', 'adipiscing.lacus.Ut@ornareFuscemollis.co.uk', '(51) 9276-8176', 1069.00),
	(171, 3, 'Reece Livingston', '1987-01-14', 'Duis@at.net', '(51) 9359-6561', 5872.00),
	(172, 14, 'Seth Roach', '1987-01-06', 'massa.Suspendisse.eleifend@molestie.co.uk', '(51) 9485-8469', 1800.00),
	(173, 12, 'Hector Branch', '1989-11-28', 'commodo@magnis.ca', '(51) 9111-4130', 1372.00),
	(174, 13, 'Ali Benjamin', '1970-12-30', 'Duis.mi.enim@conguea.net', '(51) 9482-0088', 2676.00),
	(175, 8, 'Colette Gardner', '1976-02-01', 'et@atortorNunc.edu', '(51) 9414-2227', 3729.00),
	(176, 16, 'Rachel Giles', '1975-07-25', 'auctor.odio@ipsumprimisin.com', '(51) 9433-0235', 926.00),
	(177, 4, 'Hoyt Vang', '1980-07-08', 'Cras@scelerisquemollis.ca', '(51) 9266-5727', 2630.00),
	(178, 14, 'Macy Newman', '1970-06-15', 'sociis.natoque@necanteMaecenas.com', '(51) 9595-8153', 2915.00),
	(179, 4, 'Dorothy Mckenzie', '1971-03-06', 'tellus@posuerevulputate.net', '(51) 9054-8373', 3904.00),
	(180, 5, 'Preston Dale', '1967-03-23', 'Maecenas@nulla.ca', '(51) 9770-2247', 4944.00),
	(181, 8, 'Zahir Green', '1961-09-19', 'vel.est@SuspendisseeleifendCras.ca', '(51) 9991-5975', 3008.00),
	(182, 2, 'Hedwig Kirkland', '1969-12-22', 'In@adipiscing.net', '(51) 9361-4138', 5416.00),
	(183, 5, 'Mona Gallagher', '1970-04-22', 'vitae.sodales@cursus.edu', '(51) 9294-8046', 4516.00),
	(184, NULL, 'Moana Stafford', '1990-07-08', 'quam.Pellentesque.habitant@ametluctus.ca', '(51) 9310-1776', 8689.00),
	(185, 11, 'Whoopi Bowen', '1966-11-14', 'purus.mauris@rutrumeu.ca', '(51) 9684-9858', 8919.00),
	(186, 11, 'Jaquelyn Prince', '1981-10-16', 'nec.eleifend@mauris.org', '(51) 9584-0165', 7497.00),
	(187, 11, 'Abraham Cote', '1988-09-15', 'pellentesque.eget.dictum@aliquetmagnaa.co.uk', '(51) 9260-1890', 5727.00),
	(188, 14, 'Sonya Glass', '1964-01-27', 'ac.libero.nec@ultrices.net', '(51) 9358-4549', 1843.00),
	(189, 7, 'Odysseus Lee', '1973-10-24', 'enim.Etiam@convallis.org', '(51) 9326-3141', 1650.00),
	(190, 10, 'Camden Albert', '1980-01-05', 'id.ante@hendrerit.net', '(51) 9590-7807', 2784.00),
	(191, 9, 'Pandora Clarke', '1981-05-12', 'a.mi@facilisiSedneque.net', '(51) 9849-8982', 1731.00),
	(192, 15, 'Randall Good', '1961-01-11', 'tincidunt.adipiscing.Mauris@anteipsumprimis.org', '(51) 9269-6753', 3011.00),
	(193, 15, 'Brody Frank', '1988-07-12', 'magna.Ut.tincidunt@pharetra.com', '(51) 9408-4650', 3900.00),
	(194, 12, 'Thaddeus Curtis', '1979-03-09', 'ipsum.Suspendisse@ac.net', '(51) 9519-0552', 1023.00),
	(195, 8, 'Stephanie Flowers', '1985-01-26', 'quam.a.felis@mauris.org', '(51) 9643-8336', 3125.00),
	(196, 4, 'Harriet Frye', '1967-09-02', 'velit@velit.ca', '(51) 9442-6131', 4231.00),
	(197, 4, 'Ina Mcmahon', '1987-08-04', 'volutpat.ornare.facilisis@Sednullaante.ca', '(51) 9033-7581', 4280.00),
	(198, 2, 'Cairo Tanner', '1988-01-30', 'eu.ultrices.sit@vel.co.uk', '(51) 9150-2230', 7416.00),
	(199, 2, 'Jason Sosa', '1990-02-12', 'neque.pellentesque@utsem.net', '(51) 9088-1448', 6401.00),
	(200, 10, 'Kyra Marquez', '1981-12-27', 'nulla.ante@velitCraslorem.org', '(51) 9292-5696', 2926.00);
/*!40000 ALTER TABLE `funcionario` ENABLE KEYS */;


-- Copiando estrutura para tabela bd2a2.limite
CREATE TABLE IF NOT EXISTS `limite` (
  `id` int(10) unsigned NOT NULL AUTO_INCREMENT,
  `minimo` float(17,2) unsigned DEFAULT NULL,
  `maximo` float(17,2) unsigned DEFAULT NULL,
  PRIMARY KEY (`id`)
) ENGINE=InnoDB AUTO_INCREMENT=6 DEFAULT CHARSET=latin1;

-- Copiando dados para a tabela bd2a2.limite: ~5 rows (aproximadamente)
/*!40000 ALTER TABLE `limite` DISABLE KEYS */;
INSERT INTO `limite` (`id`, `minimo`, `maximo`) VALUES
	(1, 800.00, 2000.00),
	(2, 1500.00, 3000.00),
	(3, 2500.00, 5000.00),
	(4, 5000.00, 10000.00),
	(5, 10000.00, 25000.00);
/*!40000 ALTER TABLE `limite` ENABLE KEYS */;
/*!40101 SET SQL_MODE=IFNULL(@OLD_SQL_MODE, '') */;
/*!40014 SET FOREIGN_KEY_CHECKS=IF(@OLD_FOREIGN_KEY_CHECKS IS NULL, 1, @OLD_FOREIGN_KEY_CHECKS) */;
/*!40101 SET CHARACTER_SET_CLIENT=@OLD_CHARACTER_SET_CLIENT */;
